i,d
b,i,o,i,d
d,a,t,e,_,o,f,_,b,i,r,t,h
1,B000944,1952-11-09
2,C000127,1958-10-13
3,C000141,1943-10-05
4,C000174,1947-01-23
5,C001070,1960-04-13
6,F000062,1933-06-22
7,K000367,1960-05-25
8,M000639,1954-01-01
9,S000033,1941-09-08
10,S000770,1950-04-29
11,T000464,1956-08-21
12,W000802,1955-10-20
13,B001261,1952-07-21
14,W000437,1951-07-05
15,A000360,1940-07-03
16,C001035,1952-12-07
17,C001056,1952-02-02
18,D000563,1944-11-21
19,E000285,1944-02-01
20,G000359,1955-07-09
21,I000024,1934-11-17
22,M000355,1942-02-20
23,M001176,1956-10-24
24,R000122,1949-11-12
25,R000584,1943-05-03
26,R000307,1936-04-20
27,S001181,1947-01-28
28,U000039,1948-05-18
29,W000805,1954-12-15
30,G000555,1966-12-09
31,C001088,1963-09-09
32,M001183,1947-08-24
33,A000055,1965-07-22
34,A000367,1980-04-18
35,B001230,1962-02-11
36,B001270,1953-10-03
37,B001267,1964-11-28
38,B001257,1963-02-08
39,B001250,1951-07-13
40,B000490,1947-02-04
41,B001243,1952-06-06
42,B000574,1948-08-16
43,B001277,1946-02-13
44,B000575,1950-01-10
45,B001236,1950-12-10
46,B000755,1955-04-11
47,B001274,1954-04-29
48,B001260,1951-05-08
49,B001275,1962-05-31
50,B001248,1950-12-23
51,B001135,1955-11-30
52,B001251,1947-04-27
53,C000059,1953-06-08
54,C001047,1953-11-26
55,C001072,1974-10-16
56,C001051,1941-11-06
57,C001075,1957-09-28
58,C001066,1966-08-20
59,C000266,1953-01-22
60,C001080,1953-07-07
61,C001084,1961-07-15
62,C001067,1964-11-21
63,C001049,1956-07-27
64,C001061,1944-10-26
65,C000537,1940-07-21
66,C001068,1949-05-24
67,C001053,1949-04-28
68,C001062,1948-06-11
69,C001078,1950-03-30
70,C000754,1954-06-19
71,C001059,1952-04-13
72,C001069,1953-04-06
73,C000880,1951-05-20
74,C001087,1966-01-22
75,C001063,1955-09-19
76,D000096,1941-09-06
77,D000598,1944-04-13
78,D000191,1947-05-27
79,D000197,1957-07-29
80,D000216,1943-03-02
81,D000616,1964-02-21
82,D000610,1966-05-07
83,D000600,1961-09-25
84,D000399,1946-10-06
85,D000482,1953-08-05
86,D000615,1966-01-07
87,E000179,1947-02-18
88,E000215,1942-12-13
89,F000459,1962-10-11
90,F000461,1954-02-25
91,F000449,1960-12-27
92,F000450,1943-06-29
93,F000455,1952-10-29
94,G000559,1945-01-24
95,G000562,1974-08-22
96,G000563,1954-06-14
97,G000552,1953-08-18
98,G000565,1958-11-22
99,G000377,1943-01-18
100,G000386,1933-09-17
101,G000546,1963-11-07
102,G000560,1970-02-03
103,G000553,1947-09-01
104,G000568,1958-03-15
105,G000551,1948-02-19
106,G000558,1964-02-18
107,H001052,1957-01-25
108,H001053,1960-10-13
109,H000324,1936-09-05
110,H001046,1971-10-17
111,H001056,1978-11-03
112,H001038,1959-10-06
113,H001047,1966-07-05
114,H001042,1947-11-03
115,H001061,1957-03-13
116,H000874,1939-06-14
117,H001058,1969-01-31
118,J000032,1950-01-12
119,J000292,1954-11-10
120,J000126,1935-12-03
121,J000288,1954-10-02
122,J000293,1955-04-08
123,J000289,1964-02-17
124,K000009,1946-06-17
125,K000375,1952-09-06
126,K000376,1948-05-10
127,K000188,1963-03-16
128,K000210,1944-04-05
129,K000362,1949-05-28
130,K000378,1978-02-27
131,L000564,1954-05-24
132,L000559,1964-04-22
133,L000575,1968-03-04
134,L000560,1965-06-15
135,L000557,1948-07-22
136,L000566,1956-04-18
137,L000174,1940-03-31
138,L000551,1946-07-16
139,L000577,1971-06-04
140,L000287,1940-02-21
141,L000563,1966-07-15
142,L000565,1952-12-23
143,L000397,1947-12-21
144,L000576,1955-08-11
145,L000480,1937-07-05
146,L000491,1960-01-06
147,L000569,1952-05-07
148,L000570,1972-06-07
149,L000562,1955-03-31
150,M000087,1946-02-19
151,M001158,1951-02-23
152,M000133,1946-07-11
153,M001163,1944-09-25
154,M001165,1965-01-26
155,M001157,1962-01-14
156,M001177,1956-07-10
157,M001143,1954-07-12
158,M000312,1959-11-20
159,M001156,1975-10-22
160,M001180,1947-03-28
161,M001159,1969-05-22
162,M001166,1951-06-18
163,M001137,1953-09-25
164,M001160,1951-04-18
165,M000934,1954-05-29
166,M001153,1957-05-22
167,M001169,1973-08-03
168,M001111,1950-10-11
169,N000002,1947-06-13
170,N000179,1936-12-04
171,N000015,1949-02-14
172,N000147,1937-06-13
173,N000181,1973-10-01
174,O000168,1962-12-09
175,P000601,1970-02-21
176,P000034,1951-10-30
177,P000096,1937-01-25
178,P000603,1963-01-07
179,P000197,1940-03-26
180,P000593,1953-05-01
181,P000595,1958-12-01
182,P000258,1944-06-29
183,P000597,1955-04-02
184,P000449,1955-12-19
185,P000599,1947-12-18
186,P000523,1940-08-17
187,Q000023,1958-10-17
188,R000585,1971-11-18
189,R000588,1973-09-13
190,R000591,1976-07-27
191,R000582,1945-07-21
192,R000395,1937-12-31
193,R000575,1958-07-16
194,R000486,1941-06-12
195,R000595,1971-05-28
196,R000576,1946-01-31
197,R000515,1946-11-23
198,R000577,1973-07-16
199,S001177,1955-01-19
200,S001168,1962-05-22
201,S001176,1965-10-06
202,S001145,1944-05-26
203,S001150,1960-06-22
204,S001180,1951-10-19
205,S000148,1950-11-23
206,S001183,1962-03-03
207,S001189,1969-12-10
208,S001157,1945-06-27
209,S000185,1947-04-30
210,S001184,1965-09-19
211,S000244,1943-06-14
212,S000248,1943-10-24
213,S001185,1965-01-01
214,S000320,1934-05-06
215,S000344,1954-10-24
216,S000364,1958-02-21
217,S001148,1950-09-08
218,S001165,1951-01-26
219,S000510,1965-06-15
220,S001172,1970-12-19
221,S000522,1953-03-04
222,S001175,1950-05-14
223,S001187,1965-03-24
224,S001156,1969-01-28
225,T000193,1948-01-28
226,T000460,1951-01-24
227,T000467,1959-07-27
228,T000238,1958-07-15
229,T000250,1961-01-07
230,T000470,1956-11-09
231,T000469,1949-06-18
232,T000461,1961-11-17
233,T000463,1960-01-11
234,U000031,1953-04-23
235,V000128,1959-01-10
236,V000081,1953-03-28
237,V000108,1949-08-13
238,W000798,1951-04-12
239,W000791,1957-01-10
240,W000797,1966-09-27
241,W000187,1938-08-15
242,W000806,1949-04-27
243,W000800,1947-05-02
244,W000795,1947-07-31
245,W000808,1942-11-05
246,W000804,1959-02-03
247,W000809,1957-02-18
248,W000810,1970-02-11
249,W000779,1949-05-03
250,Y000062,1947-11-04
251,Y000033,1933-06-09
252,Y000064,1972-08-24
253,A000369,1958-06-12
254,B001278,1954-10-14
255,D000617,1962-02-17
256,M001184,1971-01-13
257,P000604,1958-12-17
258,S001194,1972-10-20
259,F000454,1955-10-07
260,T000468,1950-05-23
261,C001095,1977-05-13
262,S001191,1976-07-12
263,L000578,1960-07-02
264,H001068,1964-02-18
265,B001287,1965-03-02
266,C001094,1943-03-03
267,S001193,1980-11-16
268,B001285,1952-08-28
269,C001097,1963-03-31
270,R000599,1972-08-25
271,T000472,1960-12-10
272,L000579,1941-03-08
273,V000130,1961-03-07
274,P000608,1958-06-17
275,Y000065,1955-04-13
276,F000462,1948-05-16
277,C001093,1966-08-16
278,G000571,1981-04-12
279,D000622,1968-03-12
280,D000619,1970-01-05
281,B001286,1961-10-17
282,W000813,1963-08-17
283,B001284,1960-08-25
284,B001282,1973-07-24
285,W000817,1949-06-22
286,K000379,1980-10-04
287,K000383,1944-03-31
288,K000380,1958-08-11
289,W000812,1962-09-13
290,D000618,1962-08-20
291,H001067,1971-11-04
292,H001065,1968-04-17
293,C001096,1961-01-21
294,F000463,1951-03-01
295,K000382,1956-09-05
296,M001188,1975-10-01
297,J000294,1970-08-04
298,M001185,1966-07-30
299,W000815,1958-06-17
300,B001281,1950-03-12
301,J000295,1957-03-17
302,M001190,1977-07-26
303,P000605,1962-05-27
304,C001090,1961-05-01
305,R000597,1957-08-04
306,C001098,1970-12-22
307,W000814,1953-07-02
308,C001091,1974-09-16
309,W000816,1949-09-13
310,V000131,1971-01-03
311,V000132,1963-02-13
312,S001192,1960-07-15
313,K000384,1958-02-26
314,K000381,1974-01-01
315,H001064,1952-07-29
316,P000607,1964-08-14
317,K000385,1956-04-30
318,S001195,1980-06-16
319,B001288,1969-04-27
320,C001101,1963-07-17
321,B001289,1955-02-16
322,N000188,1958-12-13
323,A000370,1946-05-27
324,P000609,1954-05-14
325,H001072,1956-12-05
326,W000821,1967-11-18
327,G000574,1979-11-20
328,D000623,1952-03-31
329,A000371,1979-06-19
330,L000582,1969-03-29
331,T000474,1965-04-04
332,B001297,1959-02-16
333,C001103,1957-09-06
334,H001071,1960-04-22
335,L000583,1963-12-22
336,A000372,1951-11-07
337,B001295,1960-12-30
338,A000374,1954-09-16
339,G000577,1972-01-31
340,M001196,1978-10-24
341,M001194,1961-05-08
342,D000624,1953-11-23
343,L000581,1954-10-18
344,E000294,1961-03-03
345,R000603,1972-02-16
346,W000822,1945-02-06
347,Z000017,1980-01-30
348,R000602,1965-02-15
349,S001196,1984-07-02
350,K000386,1962-11-09
351,B001296,1977-02-06
352,R000601,1965-10-20
353,H001073,1977-08-19
354,B001291,1948-03-23
355,B001292,1950-06-20
356,P000610,1966-05-13
357,N000189,1955-07-10
358,G000576,1955-07-03
359,M001195,1971-06-05
360,R000600,1947-12-29
361,S001198,1964-11-13
362,P000612,1949-12-10
363,E000295,1970-07-01
364,T000476,1960-08-30
365,R000605,1954-10-24
366,W000819,1969-05-20
367,S001197,1972-02-22
368,K000388,1966-03-01
369,L000585,1968-07-05
370,D000626,1970-03-01
371,C001108,1972-08-19
372,E000296,1954-05-16
373,H001075,1964-10-20
374,K000393,1951-11-21
375,H001076,1958-02-27
376,C001113,1964-03-29
377,S001190,1961-08-20
378,O000171,1946-01-24
379,B001302,1958-11-07
380,K000389,1976-09-13
381,P000613,1969-10-01
382,C001112,1964-11-18
383,B001300,1976-09-15
384,C001110,1958-01-24
385,B001303,1962-02-10
386,G000578,1982-05-07
387,D000628,1953-02-16
388,R000609,1952-09-02
389,L000586,1948-09-23
390,M001202,1978-09-16
391,S001200,1978-02-25
392,D000627,1957-03-12
393,C001111,1956-07-24
394,M001199,1980-07-10
395,R000607,1953-12-04
396,F000465,1966-11-15
397,K000391,1973-07-19
398,B001299,1979-07-16
399,H001074,1983-09-12
400,M001198,1960-08-09
401,H001077,1961-08-24
402,J000299,1972-01-30
403,B001304,1961-11-21
404,R000606,1962-12-13
405,B001301,1947-02-02
406,M001201,1961-05-08
407,B001305,1971-10-21
408,B001298,1963-08-16
409,G000583,1975-03-08
410,R000608,1957-08-02
411,S001201,1962-08-31
412,E000297,1954-09-27
413,F000466,1973-12-17
414,S001199,1964-01-23
415,G000582,1976-08-05
416,K000392,1966-10-08
417,G000581,1967-09-04
418,A000375,1972-03-09
419,M001200,1961-10-10
420,J000298,1965-09-21
421,G000579,1984-03-03
422,C001109,1966-07-28
423,E000298,1956-07-19
424,G000584,1961-04-17
425,N000190,1953-06-20
426,G000585,1974-11-25
427,C001114,1960-05-10
428,J000300,1954-05-04
429,S001203,1958-03-04
430,H001079,1959-05-10
431,L000588,1984-06-27
432,L000589,1958-11-14
433,C001115,1975-05-13
434,B001306,1962-01-16
435,H001082,1961-12-04
436,M001206,1957-04-29
437,S001205,1959-08-30
438,W000826,1957-06-07
439,C001055,1952-09-27
440,H001066,1973-04-29
441,K000368,1950-03-24
442,S001211,1970-03-08
443,H001090,1986-08-01
444,C001124,1963-07-18
445,C001123,1971-02-12
446,P000618,1974-01-03
447,R000616,1961-12-10
448,L000593,1978-10-28
449,N000191,1984-05-13
450,C001121,1979-03-15
451,H001081,1973-03-08
452,W000823,1974-01-31
453,S001210,1966-07-16
454,S001214,1978-05-19
455,M001207,1971-01-18
456,S001206,1941-02-14
457,M001208,1960-06-01
458,S001204,1981-01-30
459,F000467,1988-12-27
460,A000378,1965-04-20
461,F000469,1973-07-19
462,G000586,1956-04-12
463,C001117,1971-11-23
464,U000040,1986-10-04
465,B001307,1945-06-04
466,P000615,1956-11-14
467,W000824,1976-09-18
468,D000629,1980-05-22
469,T000482,1973-10-27
470,P000617,1974-02-03
471,T000483,1955-09-21
472,S001208,1976-07-10
473,L000592,1960-08-01
474,S001215,1983-06-24
475,T000481,1976-07-24
476,H001088,1962-08-04
477,C001119,1972-02-14
478,P000616,1969-01-20
479,O000173,1981-10-04
480,S001212,1966-05-10
481,G000591,1970-02-04
482,A000377,1976-10-08
483,P000614,1980-06-04
484,V000133,1953-02-23
485,K000394,1982-07-12
486,M001203,1965-09-23
487,S001207,1972-01-19
488,H001080,1960-12-02
489,T000484,1984-11-15
490,L000590,1966-11-07
491,R000613,1986-11-28
492,O000172,1989-10-13
493,D000630,1977-01-19
494,B001308,1978-11-22
495,G000588,1984-09-19
496,H001083,1976-06-09
497,D000631,1959-06-06
498,H001085,1967-06-05
499,M001204,1964-02-10
500,J000302,1957-02-08
501,R000610,1983-04-17
502,C001122,1982-05-26
503,T000480,1984-04-30
504,J000301,1976-09-30
505,B001309,1964-08-25
506,R000612,1965-02-23
507,G000590,1964-11-08
508,C001120,1984-03-14
509,T000479,1972-08-01
510,G000589,1982-12-01
511,W000827,1953-04-08
512,F000468,1975-02-13
513,E000299,1969-09-15
514,R000614,1972-08-07
515,G000587,1950-09-06
516,A000376,1983-04-15
517,M001209,1974-12-05
518,L000591,1975-08-15
519,R000611,1970-03-01
520,C001118,1972-02-29
521,S001209,1979-08-07
522,W000825,1968-05-27
523,S001216,1968-08-23
524,S001213,1981-03-30
525,M001205,1950-11-04
526,S001217,1952-12-01
527,B001310,1954-03-24
528,H001089,1979-12-31
529,R000615,1947-03-12
530,M001197,1966-03-22
531,G000592,1982-07-25
532,K000395,1965-10-23
533,B001311,1964-07-01
534,M001210,1963-03-05
535,L000594,1970-11-27
536,M000687,1948-10-24
537,T000165,1957-12-30
538,G000061,1976-04-24
539,M000835,1906-12-07
540,B000934,1900-02-01
541,C000172,1900-03-28
542,S000431,1905-01-07
543,E000006,1907-05-28
544,H000749,1905-06-19
545,M000848,1906-03-26
546,Z000011,1901-12-05
547,A000088,1900-02-15
548,B000598,1900-01-15
549,E000111,1900-04-03
550,F000195,1900-10-21
551,K000072,1900-12-12
552,O000024,1909-06-14
553,O000087,1903-03-24
554,O000094,1903-07-10
555,S000165,1903-03-21
556,T000354,1903-01-12
557,W000221,1903-01-10
558,A000145,1902-08-24
559,B001218,1903-08-15
560,C000428,1902-04-02
561,F000082,1903-08-15
562,G000303,1905-05-23
563,R000555,1907-05-26
564,W000364,1901-01-03
565,G000159,1901-03-06
566,B001222,1903-10-25
567,D000108,1905-10-31
568,D000475,1900-04-11
569,E000107,1907-06-14
570,E000132,1908-12-21
571,F000258,1903-12-21
572,H000231,1903-05-16
573,H000709,1906-06-21
574,M000018,1902-08-17
575,M000297,1903-06-29
576,M000484,1904-12-17
577,S000008,1902-10-07
578,S000532,1911-09-25
579,S000572,1904-01-25
580,T000153,1903-10-18
581,V000121,1901-07-02
582,B000099,1905-11-03
583,C000132,1901-03-06
584,C000795,1903-01-15
585,D000349,1903-11-01
586,G000014,1900-10-30
587,J000073,1901-12-26
588,M000579,1901-03-03
589,M001058,1903-11-06
590,R000406,1911-10-20
591,S000798,1909-08-14
592,T000384,1905-01-13
593,W000762,1902-08-11
594,H000080,1901-03-11
595,B000191,1902-07-21
596,B000640,1909-05-11
597,B001061,1906-08-12
598,C000115,1904-05-22
599,D000206,1910-05-09
600,E000016,1900-04-13
601,E000210,1901-03-03
602,G000117,1901-08-11
603,H000426,1905-08-09
604,L000497,1903-03-10
605,M000451,1904-11-07
606,M001099,1902-04-26
607,M001127,1901-12-18
608,O000137,1906-10-08
609,P000498,1902-03-05
610,Q000019,1904-05-10
611,R000565,1914-02-04
612,S000080,1906-04-12
613,S000342,1902-09-15
614,S000481,1905-07-17
615,T000018,1901-03-18
616,T000079,1904-04-12
617,V000118,1901-04-06
618,W000183,1904-12-02
619,W000257,1902-04-15
620,C000021,1906-01-10
621,T000008,1903-07-19
622,B000379,1914-06-06
623,B000891,1901-10-08
624,C000939,1902-01-22
625,D000007,1903-08-01
626,D000280,1911-05-05
627,D000406,1907-01-06
628,E000159,1904-03-10
629,F000199,1902-12-15
630,G000384,1905-07-31
631,H000212,1905-08-06
632,H000298,1902-02-22
633,H000492,1903-09-24
634,H000863,1905-09-21
635,I000046,1910-04-20
636,J000133,1911-09-11
637,J000249,1907-06-25
638,L000394,1902-07-05
639,L000454,1901-01-23
640,M000027,1906-04-22
641,M000094,1902-01-03
642,M000422,1902-11-06
643,M000456,1903-11-28
644,M000560,1915-03-19
645,M000617,1907-04-04
646,M000619,1912-01-18
647,M000809,1910-12-02
648,N000121,1916-03-23
649,P000182,1914-06-28
650,P000387,1907-01-07
651,P000471,1906-03-12
652,R000137,1906-05-31
653,R000522,1903-12-27
654,S000063,1919-09-30
655,S000156,1905-12-06
656,S000163,1909-05-10
657,S000998,1914-02-26
658,S001076,1901-01-05
659,Y000058,1907-08-07
660,B000399,1900-04-01
661,B000448,1906-07-23
662,B001100,1904-05-06
663,C000347,1916-03-09
664,C000586,1918-10-21
665,D000071,1902-08-22
666,D000089,1920-05-01
667,D000454,1900-11-25
668,G000219,1901-06-07
669,G000331,1906-06-22
670,G000521,1909-09-08
671,H000202,1918-09-04
672,H000898,1903-06-29
673,J000034,1906-02-22
674,K000012,1902-12-31
675,K000334,1918-10-22
676,L000301,1910-03-28
677,L000395,1903-10-20
678,M000122,1902-12-10
679,M000144,1904-05-09
680,N000129,1920-04-22
681,P000286,1907-05-29
682,P000306,1910-03-29
683,S000011,1903-03-12
684,S000439,1921-10-14
685,W000019,1908-04-27
686,W000100,1913-05-22
687,W000359,1900-12-12
688,W000582,1905-08-21
689,W000744,1908-10-10
690,A000196,1904-03-22
691,B000080,1912-08-09
692,B000792,1908-06-10
693,B001002,1902-12-01
694,B001039,1903-08-13
695,C000504,1908-06-10
696,C000606,1901-10-13
697,F000431,1911-07-29
698,G000338,1902-01-27
699,H000050,1909-02-11
700,H000060,1900-10-02
701,J000080,1907-07-27
702,L000318,1900-10-17
703,M000455,1902-05-15
704,M000465,1906-02-28
705,M000528,1906-02-05
706,M000559,1903-10-06
707,M000577,1902-12-06
708,M000814,1907-03-22
709,M000878,1902-02-13
710,O000133,1902-08-01
711,P000327,1906-08-14
712,Q000021,1903-03-16
713,R000104,1901-09-24
714,R000453,1903-06-04
715,S000172,1907-06-07
716,S000214,1909-12-11
717,S000461,1908-04-21
718,S000936,1901-04-12
719,T000005,1911-05-09
720,W000269,1906-12-11
721,W000298,1905-09-13
722,W000348,1901-10-31
723,P000460,1916-10-30
724,B000242,1912-05-10
725,B000618,1904-12-23
726,B000762,1901-04-25
727,C000674,1912-11-10
728,D000036,1910-10-10
729,H000014,1901-11-10
730,H000460,1905-02-10
731,H000616,1919-03-09
732,H000858,1904-04-23
733,H000979,1916-06-15
734,J000093,1908-07-21
735,K000150,1902-05-26
736,K000292,1908-06-26
737,L000089,1913-07-31
738,L000496,1908-05-01
739,L000525,1910-09-04
740,M000315,1908-11-14
741,M000656,1912-11-22
742,O000009,1900-01-01
743,O000004,1903-09-04
744,P000107,1907-10-06
745,P000150,1904-07-24
746,R000425,1914-08-17
747,S001006,1922-09-24
748,S001087,1915-10-31
749,W000123,1916-09-21
750,W000342,1915-07-11
751,W000604,1901-03-18
752,Y000024,1909-10-01
753,B000913,1903-09-25
754,B000342,1910-05-15
755,B001009,1902-07-20
756,B001131,1902-08-23
757,C000743,1903-04-15
758,C000960,1917-02-13
759,D000083,1906-01-02
760,F000085,1902-01-17
761,F000126,1903-09-14
762,F000179,1918-04-16
763,F000356,1903-03-07
764,H000154,1902-07-07
765,J000263,1914-01-26
766,K000261,1904-08-08
767,L000468,1904-01-30
768,M001107,1917-05-16
769,N000031,1907-07-02
770,N000053,1912-12-26
771,P000536,1900-04-01
772,T000408,1913-03-02
773,V000082,1910-04-01
774,Y000032,1922-11-07
775,L000025,1916-06-02
776,W000666,1908-09-27
777,B000964,1914-02-05
778,C000182,1901-02-23
779,C000189,1901-07-30
780,C000386,1907-11-15
781,C000617,1904-04-18
782,D000155,1903-11-05
783,D000219,1907-06-23
784,D000246,1918-07-29
785,D000278,1903-02-20
786,D000338,1900-11-05
787,G000129,1900-01-06
788,H000318,1921-05-27
789,H000502,1903-06-25
790,H000549,1900-03-17
791,H000623,1923-02-19
792,H000740,1902-02-22
793,H001021,1909-03-21
794,K000300,1912-08-22
795,L000108,1908-12-10
796,M000274,1924-05-28
797,M000354,1901-04-06
798,M000483,1922-09-16
799,M000935,1908-01-18
800,N000110,1915-12-01
801,P000119,1908-10-20
802,R000008,1911-09-22
803,R000359,1904-08-28
804,S000009,1908-06-13
805,S000315,1909-02-21
806,S000405,1911-08-23
807,T000139,1916-08-04
808,H000665,1912-12-30
809,A000200,1906-02-02
810,B000170,1918-01-17
811,B000245,1908-06-15
812,B000391,1918-08-30
813,B000646,1908-10-30
814,B000699,1901-04-05
815,B000727,1907-08-13
816,B000849,1906-08-16
817,B000908,1920-10-22
818,B001035,1910-11-21
819,B001127,1909-03-30
820,C000199,1915-10-08
821,C000589,1919-07-11
822,D000402,1903-11-13
823,D000433,1911-04-18
824,E000121,1921-06-03
825,E000181,1911-09-21
826,F000227,1910-10-07
827,F000237,1917-10-16
828,G000130,1904-09-24
829,H000048,1918-05-16
830,H000204,1921-07-22
831,H000216,1903-07-19
832,H000484,1917-01-04
833,H000690,1920-03-13
834,H000746,1924-07-06
835,J000008,1910-01-23
836,J000119,1917-10-12
837,K000015,1919-04-06
838,K000036,1900-05-18
839,L000018,1905-05-25
840,L000260,1914-10-03
841,M000449,1920-06-30
842,M000682,1914-12-29
843,M000759,1902-11-29
844,M000812,1924-08-17
845,P000439,1919-04-04
846,P000516,1908-07-05
847,P000549,1909-07-29
848,Q000012,1918-03-30
849,S000436,1900-08-30
850,T000070,1902-01-01
851,T000118,1911-06-22
852,T000229,1919-02-08
853,W000024,1921-03-16
854,W000120,1909-10-15
855,W000675,1925-10-29
856,N000052,1907-01-09
857,S000517,1916-03-26
858,A000054,1914-01-31
859,A000094,1911-08-07
860,A000105,1916-01-28
861,A000255,1905-03-10
862,B000222,1912-10-06
863,B000561,1912-04-25
864,B000791,1901-09-28
865,B001090,1920-06-01
866,C000540,1924-09-28
867,C000725,1920-05-19
868,D000425,1905-04-13
869,G000069,1923-06-16
870,H000264,1904-07-02
871,H000561,1911-08-22
872,H000753,1913-06-01
873,I000007,1913-01-30
874,J000176,1909-06-26
875,K000032,1900-05-07
876,K000044,1903-07-26
877,K000171,1900-03-29
878,K000249,1908-09-13
879,K000320,1907-10-18
880,M000020,1916-11-01
881,M000052,1911-03-07
882,M000152,1906-03-13
883,M000605,1926-07-19
884,M000608,1922-02-19
885,M000664,1906-11-15
886,M000719,1916-10-28
887,M001045,1904-08-31
888,M001100,1927-10-03
889,N000136,1901-03-30
890,P000264,1906-03-26
891,P000287,1906-03-12
892,R000547,1921-05-30
893,S000057,1912-06-04
894,S000120,1906-12-26
895,S000193,1917-07-19
896,S000224,1908-05-12
897,S000533,1918-02-21
898,U000002,1920-01-31
899,W000228,1919-04-09
900,W000256,1901-07-08
901,Z000003,1906-03-16
902,K000107,1917-05-29
903,B000656,1903-08-07
904,M000623,1912-07-02
905,A000011,1916-11-21
906,A000106,1918-06-12
907,A000228,1911-08-11
908,B000062,1902-01-12
909,B000064,1901-11-17
910,B000190,1915-05-15
911,B000310,1912-08-13
912,B000377,1904-01-10
913,B000608,1917-02-22
914,B000813,1923-11-23
915,B000867,1920-03-26
916,B000969,1921-04-27
917,C000444,1901-10-21
918,D000266,1918-04-06
919,E000055,1925-09-27
920,E000120,1913-12-20
921,F000135,1905-06-05
922,G000192,1922-04-21
923,G000237,1903-06-18
924,G000421,1910-03-05
925,H000191,1929-09-09
926,H000424,1909-12-24
927,H000471,1915-05-10
928,H000904,1920-03-19
929,J000109,1905-07-21
930,J000158,1901-06-16
931,K000177,1918-12-10
932,K000335,1910-08-15
933,L000081,1914-07-22
934,L000252,1914-12-28
935,L000299,1900-12-29
936,L000415,1908-07-18
937,M000197,1924-11-25
938,M000478,1908-05-04
939,M000558,1907-06-26
940,M000620,1907-09-13
941,M000762,1914-03-22
942,M000859,1902-03-02
943,M001014,1900-10-20
944,M001022,1907-08-19
945,N000133,1908-09-12
946,N000178,1906-03-24
947,O000120,1907-12-30
948,P000352,1904-08-10
949,R000018,1902-03-11
950,R000314,1912-11-01
951,R000556,1911-02-06
952,S000327,1905-09-03
953,S000378,1903-06-22
954,S000395,1921-04-11
955,S000408,1900-06-26
956,S000505,1913-11-14
957,S000775,1905-07-11
958,S000928,1930-04-20
959,T000237,1909-01-09
960,T000298,1901-05-02
961,V000051,1905-03-10
962,W000089,1900-02-10
963,W000226,1920-09-27
964,W000310,1904-12-14
965,W000439,1906-02-09
966,W000572,1906-04-18
967,W000641,1904-01-06
968,J000160,1908-08-27
969,B000223,1918-03-17
970,S000016,1925-06-14
971,A000204,1909-01-15
972,B000092,1915-06-28
973,B000108,1922-01-25
974,B000296,1913-06-30
975,C000054,1920-03-29
976,C000055,1927-04-02
977,C000067,1927-08-16
978,C000342,1907-09-22
979,C000516,1926-06-06
980,C000866,1927-11-17
981,C001005,1905-11-28
982,D000390,1907-05-15
983,D000588,1910-07-09
984,E000148,1926-06-11
985,F000023,1907-03-28
986,F000025,1916-04-11
987,G000208,1921-03-22
988,G000320,1907-12-26
989,G000348,1923-06-11
990,G000450,1931-05-07
991,G000454,1912-10-01
992,H000013,1914-10-08
993,H000173,1901-08-24
994,H000249,1903-12-20
995,H000310,1901-08-09
996,H001001,1917-08-11
997,J000098,1919-08-20
998,J000151,1939-12-27
999,J000246,1901-03-12
1000,K000114,1925-11-20
1001,K000130,1907-08-30
1002,K000199,1917-06-20
1003,K000326,1912-05-26
1004,L000326,1921-11-24
1005,L000458,1908-07-18
1006,M000022,1919-06-25
1007,M000026,1920-06-01
1008,M000182,1918-09-01
1009,M000253,1907-10-03
1010,M000311,1916-03-29
1011,M000418,1906-02-10
1012,M000459,1927-04-22
1013,M000610,1924-02-20
1014,M000836,1910-03-15
1015,M000995,1908-12-08
1016,M001092,1902-07-04
1017,O000015,1900-09-21
1018,O000084,1930-09-11
1019,P000552,1906-09-01
1020,R000003,1914-05-12
1021,R000107,1920-02-29
1022,R000282,1903-05-23
1023,R000404,1908-07-19
1024,R000426,1907-12-23
1025,R000525,1906-02-22
1026,S000128,1933-03-02
1027,S000131,1922-01-03
1028,S000184,1905-10-15
1029,S000219,1904-01-22
1030,S000243,1921-11-24
1031,S000401,1921-06-15
1032,S000782,1920-05-15
1033,S001103,1924-11-04
1034,T000178,1900-08-03
1035,T000218,1916-03-31
1036,T000294,1921-09-22
1037,T000297,1907-03-15
1038,T000411,1921-01-25
1039,T000436,1911-07-23
1040,T000445,1928-05-04
1041,V000109,1924-10-25
1042,W000065,1917-08-23
1043,W000290,1927-12-17
1044,W000362,1920-12-19
1045,W000518,1904-05-17
1046,Y000006,1903-06-08
1047,S000739,1920-09-29
1048,A000161,1907-01-02
1049,A000223,1904-02-22
1050,B000201,1904-04-20
1051,B000593,1909-05-15
1052,C000758,1901-08-23
1053,C001014,1911-05-14
1054,F000137,1913-12-15
1055,F000233,1913-03-23
1056,G000055,1933-04-08
1057,G000098,1903-11-10
1058,H000081,1900-08-22
1059,H000197,1903-06-01
1060,H000237,1930-11-13
1061,H000530,1909-02-14
1062,I000039,1926-09-07
1063,K000013,1913-01-07
1064,K000070,1906-08-20
1065,K000318,1924-03-12
1066,K000343,1920-05-12
1067,M000011,1916-10-14
1068,M000730,1916-06-06
1069,M000892,1923-04-16
1070,M000990,1919-08-20
1071,M001074,1900-12-24
1072,M001078,1900-06-03
1073,P000405,1920-10-30
1074,P000426,1911-02-18
1075,R000164,1924-07-13
1076,S000232,1921-02-20
1077,S000560,1926-07-23
1078,T000128,1905-11-01
1079,W000049,1911-06-18
1080,W000410,1915-05-14
1081,W000517,1918-12-04
1082,W000559,1904-10-02
1083,C000721,1926-07-27
1084,G000282,1926-03-16
1085,A000024,1907-12-14
1086,A000229,1916-02-05
1087,B000239,1917-04-26
1088,B000241,1925-02-13
1089,B000416,1902-10-06
1090,B000436,1909-11-20
1091,B001155,1926-10-30
1092,B001201,1917-11-01
1093,C000019,1912-06-25
1094,C000596,1914-06-24
1095,C000823,1922-01-01
1096,C000869,1922-08-04
1097,C000991,1912-09-10
1098,D000001,1918-09-24
1099,D000239,1916-04-11
1100,D000409,1915-07-07
1101,E000266,1915-02-24
1102,F000012,1902-07-24
1103,F000015,1902-10-12
1104,F000060,1905-02-16
1105,F000272,1933-12-22
1106,F000401,1905-04-09
1107,G000175,1920-06-17
1108,G000531,1914-01-12
1109,H000922,1922-02-10
1110,J000108,1916-01-27
1111,K000264,1919-07-01
1112,L000024,1922-09-01
1113,L000069,1913-01-05
1114,L000344,1915-08-19
1115,L000477,1929-01-16
1116,M000010,1922-07-12
1117,M000148,1926-08-07
1118,M000273,1914-05-18
1119,M000318,1927-09-24
1120,M000530,1914-12-31
1121,M000667,1928-01-30
1122,M000832,1917-12-25
1123,O000090,1907-07-19
1124,O000083,1916-12-17
1125,P000415,1920-04-11
1126,P000477,1908-11-29
1127,R000152,1906-09-19
1128,R000159,1924-01-07
1129,R000280,1905-09-28
1130,R000389,1900-08-01
1131,R000420,1914-07-13
1132,R000464,1918-01-18
1133,R000508,1932-07-09
1134,S000096,1916-06-24
1135,S000108,1913-10-12
1136,S000602,1915-10-06
1137,S000769,1914-10-09
1138,W000192,1902-05-21
1139,W000197,1922-08-30
1140,W000671,1916-08-31
1141,N000116,1913-01-09
1142,A000002,1908-05-21
1143,A000016,1903-05-16
1144,A000203,1921-06-17
1145,A000205,1911-02-12
1146,A000206,1906-12-12
1147,B000141,1911-09-09
1148,B000272,1927-06-19
1149,B000315,1932-04-06
1150,B000426,1904-05-26
1151,B000548,1930-04-10
1152,B000594,1914-02-15
1153,B000676,1901-02-20
1154,B000851,1930-11-23
1155,B001026,1923-03-09
1156,B001212,1906-06-22
1157,B001216,1913-06-12
1158,C000002,1906-10-27
1159,C000017,1932-07-06
1160,C000153,1915-12-30
1161,C000702,1928-08-27
1162,C000772,1905-08-25
1163,C000997,1933-11-30
1164,C000775,1907-04-20
1165,D000462,1905-05-06
1166,D000467,1912-02-11
1167,D000587,1902-07-04
1168,E000054,1919-04-07
1169,E000067,1927-08-07
1170,F000013,1907-01-29
1171,F000245,1906-10-15
1172,F000422,1903-03-01
1173,G000015,1928-07-22
1174,G000016,1921-03-02
1175,G000034,1929-12-20
1176,G000071,1903-02-07
1177,G000458,1926-05-09
1178,H000010,1916-05-24
1179,H000049,1910-09-14
1180,H000085,1913-11-19
1181,H000291,1912-12-10
1182,H000297,1919-05-31
1183,H000566,1916-10-16
1184,H000875,1904-08-16
1185,H000947,1906-04-17
1186,J000206,1904-12-09
1187,K000038,1917-04-15
1188,K000053,1915-11-22
1189,K000351,1919-05-09
1190,L000240,1906-08-17
1191,L000333,1914-05-24
1192,L000382,1914-01-11
1193,L000429,1928-06-16
1194,M000113,1903-03-16
1195,M000393,1901-11-24
1196,M000410,1932-06-28
1197,M000445,1915-03-17
1198,M000513,1928-10-26
1199,M000847,1911-12-23
1200,M000876,1915-09-24
1201,M001009,1921-08-07
1202,M001021,1914-09-19
1203,M001033,1911-09-23
1204,O000058,1904-05-26
1205,P000100,1907-03-17
1206,P000196,1902-08-22
1207,P000366,1903-04-16
1208,P000401,1923-10-19
1209,P000559,1919-05-13
1210,P000569,1919-05-05
1211,R000143,1913-09-27
1212,R000562,1922-06-28
1213,S000133,1930-08-12
1214,S000161,1906-05-28
1215,S000174,1900-11-11
1216,S000545,1909-10-08
1217,S000756,1909-04-12
1218,S001136,1901-06-26
1219,T000010,1917-02-26
1220,T000134,1924-11-14
1221,T000217,1925-02-05
1222,T000410,1934-06-26
1223,W000212,1902-07-09
1224,W000320,1902-09-14
1225,E000068,1929-03-08
1226,A000017,1931-02-24
1227,B000069,1915-12-29
1228,B000200,1919-03-28
1229,B000506,1927-02-14
1230,B000550,1911-08-17
1231,B000771,1932-10-15
1232,B000778,1903-06-17
1233,B000871,1919-10-26
1234,B000893,1922-06-28
1235,B000967,1919-11-04
1236,C000073,1908-05-11
1237,C000143,1919-04-11
1238,C000220,1904-04-16
1239,C000275,1917-07-22
1240,C000431,1915-12-24
1241,C000448,1928-09-14
1242,C000629,1915-12-12
1243,C000637,1925-03-05
1244,C000925,1938-03-14
1245,C001006,1905-03-15
1246,D000102,1914-10-28
1247,D000122,1916-09-12
1248,D000220,1918-11-06
1249,D000234,1923-11-29
1250,D000241,1912-06-07
1251,D000419,1901-06-18
1252,D000434,1916-04-14
1253,D000523,1915-09-27
1254,E000018,1904-11-28
1255,F000152,1903-11-22
1256,F000371,1916-01-17
1257,F000388,1932-05-12
1258,G000144,1912-06-19
1259,G000387,1919-05-10
1260,G000407,1910-01-17
1261,G000465,1923-11-06
1262,G000471,1912-01-29
1263,G000504,1919-03-05
1264,G000512,1916-02-01
1265,G000528,1934-07-16
1266,H000164,1914-06-09
1267,H000168,1934-02-25
1268,H000170,1912-10-16
1269,H000174,1907-06-14
1270,H000175,1926-08-03
1271,H000306,1922-07-04
1272,H000317,1916-02-07
1273,H000346,1924-02-21
1274,H000692,1928-09-30
1275,H000713,1903-12-03
1276,H000802,1915-05-06
1277,H000897,1922-08-29
1278,H000906,1932-10-17
1279,H000972,1908-11-25
1280,K000037,1927-03-30
1281,K000195,1904-06-15
1282,K000348,1924-07-09
1283,K000356,1925-07-11
1284,L000049,1916-01-21
1285,M000070,1917-06-10
1286,M000078,1929-02-21
1287,M000121,1912-06-15
1288,M000175,1907-07-09
1289,M000242,1930-11-17
1290,M000286,1917-01-19
1291,M000486,1915-02-20
1292,M000603,1925-11-09
1293,M000671,1911-01-28
1294,M000779,1924-08-12
1295,M000799,1911-10-24
1296,M000833,1930-08-13
1297,M000851,1928-01-05
1298,N000028,1904-10-11
1299,P000166,1920-05-07
1300,P000399,1925-12-27
1301,P000485,1931-04-25
1302,P000528,1927-09-07
1303,R000065,1924-01-29
1304,R000150,1925-06-24
1305,R000357,1915-10-30
1306,R000422,1927-05-28
1307,R000424,1903-11-29
1308,R000484,1926-02-23
1309,R000545,1916-02-07
1310,S000045,1921-10-23
1311,S000102,1908-07-23
1312,S000121,1923-03-14
1313,S000189,1915-07-01
1314,S000383,1923-11-29
1315,S000548,1911-09-29
1316,S000836,1938-11-03
1317,S001037,1907-04-05
1318,T000109,1909-09-18
1319,T000233,1905-11-05
1320,T000265,1929-02-24
1321,T000321,1937-06-09
1322,V000093,1915-04-14
1323,W000035,1925-02-15
1324,W000147,1908-08-29
1325,W000445,1906-03-17
1326,W000525,1913-09-15
1327,W000778,1917-06-15
1328,Y000035,1920-09-07
1329,Y000052,1922-12-26
1330,Z000010,1921-09-17
1331,Z000016,1907-02-08
1332,W000782,1917-03-16
1333,F000260,1913-07-14
1334,A000018,1920-07-24
1335,A000073,1908-05-10
1336,A000127,1912-12-28
1337,B000254,1928-01-22
1338,B000330,1914-09-19
1339,B000351,1921-09-03
1340,B000362,1908-10-29
1341,B000451,1931-01-05
1342,C000228,1915-07-27
1343,C000388,1924-07-25
1344,C000409,1921-07-24
1345,C000682,1930-09-17
1346,C000802,1900-05-11
1347,C000979,1932-08-08
1348,D000041,1908-10-18
1349,D000474,1919-02-01
1350,D000574,1936-03-29
1351,E000213,1927-08-04
1352,E000214,1920-12-04
1353,E000273,1910-10-24
1354,F000424,1927-01-27
1355,G000388,1930-05-13
1356,G000420,1938-06-24
1357,G000513,1923-03-09
1358,H000073,1925-06-11
1359,H000327,1926-04-10
1360,H000392,1940-09-01
1361,H000408,1911-05-13
1362,H000438,1914-09-20
1363,H000465,1925-03-21
1364,H000479,1921-04-16
1365,H000563,1915-05-29
1366,H000638,1923-08-04
1367,H000851,1927-09-06
1368,H000965,1922-12-14
1369,H001011,1914-10-13
1370,H000437,1901-10-12
1371,J000057,1915-07-17
1372,J000064,1904-05-18
1373,J000115,1906-04-17
1374,J000248,1912-06-12
1375,K000014,1922-08-26
1376,L000054,1907-09-10
1377,L000360,1937-05-12
1378,M000005,1917-06-06
1379,M000053,1905-04-12
1380,M000349,1921-06-10
1381,M000452,1922-07-19
1382,M000686,1937-01-17
1383,M000778,1909-05-24
1384,M000956,1925-10-05
1385,M000958,1906-10-13
1386,M001031,1906-05-07
1387,N000033,1916-06-04
1388,O000055,1925-11-08
1389,P000098,1900-06-27
1390,P000272,1916-07-18
1391,R000041,1909-07-16
1392,R000134,1925-03-26
1393,R000191,1910-04-09
1394,R000467,1920-09-12
1395,S000135,1907-07-07
1396,S000159,1926-06-01
1397,S000388,1912-07-06
1398,S000803,1932-02-27
1399,S000841,1942-03-15
1400,S000846,1929-03-10
1401,S000860,1913-08-14
1402,S000890,1930-10-10
1403,S000962,1928-09-22
1404,S001039,1935-05-25
1405,S001057,1902-08-21
1406,S001134,1927-09-28
1407,T000022,1920-02-22
1408,T000035,1913-08-09
1409,T000099,1910-01-31
1410,V000029,1922-11-26
1411,V000098,1918-11-10
1412,D000558,1935-01-22
1413,A000202,1933-02-01
1414,A000118,1912-01-06
1415,A000177,1924-07-14
1416,B000025,1929-08-21
1417,B000408,1928-07-22
1418,B000567,1945-11-07
1419,B000788,1913-11-29
1420,B000917,1923-08-12
1421,B001091,1913-01-14
1422,B001092,1910-03-30
1423,B001102,1932-10-05
1424,B001111,1906-03-19
1425,B001209,1914-12-20
1426,B001221,1929-06-22
1427,C000120,1912-01-26
1428,C000137,1943-08-07
1429,C000164,1913-04-17
1430,C000263,1918-03-06
1431,C000476,1914-01-11
1432,C000782,1919-12-16
1433,C000787,1945-06-14
1434,C000992,1931-03-27
1435,D000211,1901-03-19
1436,D000255,1908-03-10
1437,E000096,1921-02-12
1438,E000240,1923-09-06
1439,F000218,1933-04-12
1440,F000229,1914-11-08
1441,F000350,1924-02-20
1442,F000381,1934-01-11
1443,G000036,1938-03-13
1444,H000166,1925-02-07
1445,H000230,1936-09-02
1446,H000384,1906-07-18
1447,H000675,1938-08-20
1448,H000953,1911-05-27
1449,J000266,1936-02-21
1450,K000153,1921-09-02
1451,K000162,1930-08-10
1452,K000302,1924-12-12
1453,K000325,1926-12-17
1454,L000561,1928-09-08
1455,L000221,1926-07-26
1456,M000065,1900-09-22
1457,M000105,1920-04-27
1458,M000436,1918-02-20
1459,M000626,1927-12-11
1460,M000675,1910-05-29
1461,M000685,1929-03-05
1462,M000708,1926-02-18
1463,M001035,1915-04-13
1464,M001121,1914-03-28
1465,M001128,1937-08-16
1466,P000134,1932-04-29
1467,P000273,1924-07-12
1468,P000348,1921-08-31
1469,Q000010,1923-09-18
1470,R000268,1934-11-03
1471,R000401,1921-06-04
1472,R000421,1916-03-23
1473,R000423,1925-11-06
1474,R000512,1926-09-29
1475,R000558,1925-05-05
1476,S000062,1934-12-31
1477,S000132,1935-07-03
1478,S000367,1927-04-21
1479,S000406,1906-06-03
1480,S000454,1910-12-14
1481,S000472,1906-05-06
1482,S000844,1917-01-13
1483,S000847,1938-05-15
1484,T000110,1910-04-06
1485,T000234,1924-01-04
1486,T000310,1935-06-25
1487,T000400,1943-06-13
1488,W000018,1918-09-07
1489,W000107,1912-07-11
1490,W000317,1920-07-31
1491,W000448,1927-12-03
1492,W000502,1919-12-10
1493,Y000028,1932-03-12
1494,Y000043,1916-11-10
1495,A000139,1925-11-30
1496,H000344,1928-04-29
1497,H000956,1912-02-20
1498,S000907,1940-02-08
1499,A000170,1928-06-27
1500,A000195,1922-02-15
1501,A000222,1923-01-11
1502,B000063,1925-11-15
1503,B000083,1926-04-27
1504,B000244,1937-04-04
1505,B000279,1940-01-20
1506,B000736,1927-03-02
1507,B001008,1928-03-19
1508,B001113,1931-03-15
1509,C000201,1910-09-02
1510,C000261,1945-08-01
1511,C000512,1920-06-13
1512,C000780,1920-10-20
1513,D000125,1942-10-23
1514,D000279,1915-12-21
1515,D000344,1922-12-02
1516,D000499,1920-11-15
1517,D000537,1920-12-04
1518,E000035,1913-07-16
1519,E000254,1917-08-07
1520,F000151,1914-01-11
1521,F000209,1903-11-26
1522,G000151,1919-10-15
1523,G000515,1919-04-30
1524,H000158,1920-07-19
1525,H000241,1926-04-14
1526,H000281,1921-01-01
1527,H000752,1941-08-11
1528,H000905,1926-04-15
1529,I000001,1926-06-27
1530,J000099,1936-05-19
1531,J000101,1928-12-23
1532,J000135,1907-12-02
1533,J000148,1930-06-02
1534,K000077,1924-07-31
1535,L000167,1934-03-30
1536,L000379,1922-09-27
1537,M000058,1939-03-11
1538,M000244,1940-11-30
1539,M000365,1921-12-14
1540,M000433,1920-01-05
1541,M000490,1925-02-23
1542,M000703,1926-01-21
1543,M000930,1923-04-08
1544,M001098,1926-08-03
1545,M001101,1932-04-16
1546,M001123,1929-03-30
1547,M001132,1943-05-04
1548,N000019,1925-05-28
1549,P000106,1905-08-22
1550,P000222,1919-09-27
1551,P000520,1919-01-11
1552,R000046,1902-03-08
1553,R000312,1913-03-28
1554,R000489,1920-04-11
1555,R000510,1924-03-17
1556,S000070,1920-12-02
1557,S000217,1916-09-10
1558,S000473,1915-03-18
1559,S000716,1918-03-01
1560,S000772,1910-04-29
1561,S000778,1907-08-03
1562,S000829,1904-03-02
1563,S000902,1912-08-06
1564,T000200,1918-07-26
1565,T000322,1925-09-29
1566,T000362,1928-07-16
1567,T000393,1941-02-14
1568,U000004,1914-03-09
1569,V000024,1914-07-25
1570,V000047,1913-04-07
1571,W000571,1917-02-15
1572,W000610,1916-04-05
1573,W000680,1919-01-04
1574,W000777,1941-10-12
1575,W000780,1924-06-09
1576,A000009,1923-02-13
1577,A000208,1926-05-19
1578,A000220,1934-09-21
1579,A000221,1928-09-21
1580,A000329,1927-04-05
1581,B000029,1929-09-28
1582,B000037,1945-07-21
1583,B000047,1940-07-30
1584,B000280,1939-08-21
1585,B000358,1935-03-21
1586,B000363,1935-08-06
1587,B000472,1914-04-24
1588,B000538,1942-08-08
1589,B000605,1916-05-17
1590,B000682,1932-10-21
1591,B000839,1930-12-22
1592,B000862,1941-09-12
1593,B000910,1927-06-18
1594,B001080,1921-12-05
1595,B001153,1932-12-15
1596,B001182,1925-06-02
1597,C000158,1937-01-31
1598,C000371,1924-11-30
1599,C000475,1923-04-27
1600,C000638,1916-04-29
1601,C000799,1926-07-18
1602,C000845,1946-11-17
1603,D000037,1936-03-17
1604,D000043,1915-02-20
1605,D000231,1938-03-18
1606,D000183,1942-03-07
1607,D000259,1924-07-15
1608,D000269,1926-09-15
1609,D000446,1937-06-26
1610,D000548,1943-07-21
1611,E000004,1929-09-04
1612,E000017,1931-05-05
1613,E000175,1948-09-01
1614,E000198,1931-02-27
1615,E000208,1937-11-07
1616,E000233,1941-11-10
1617,E000239,1946-08-17
1618,E000258,1931-11-05
1619,F000040,1911-04-11
1620,F000078,1910-02-25
1621,F000123,1921-06-23
1622,F000161,1928-11-03
1623,F000319,1913-04-23
1624,G000226,1934-05-31
1625,G000267,1909-01-01
1626,G000268,1938-07-15
1627,G000480,1923-01-10
1628,G000537,1913-11-29
1629,H000012,1943-11-27
1630,H000287,1936-11-28
1631,H000374,1927-01-24
1632,H000440,1931-06-21
1633,H000641,1942-03-16
1634,H000719,1934-11-24
1635,H000722,1938-12-29
1636,J000074,1925-06-01
1637,J000200,1936-03-03
1638,L000148,1922-08-02
1639,L000547,1953-05-26
1640,L000187,1938-05-19
1641,L000192,1933-08-18
1642,L000428,1918-11-03
1643,M000136,1927-02-12
1644,M000241,1922-07-24
1645,M000257,1931-01-07
1646,M000260,1943-08-29
1647,M000340,1908-01-31
1648,M000343,1927-09-29
1649,M000808,1923-05-08
1650,M000839,1944-08-18
1651,M000845,1909-09-18
1652,M001044,1934-02-06
1653,N000005,1947-05-16
1654,N000027,1929-02-14
1655,P000280,1921-09-07
1656,R000012,1932-01-22
1657,R000165,1912-02-22
1658,R000188,1916-09-18
1659,R000232,1923-11-15
1660,R000308,1935-01-30
1661,R000469,1927-11-01
1662,S000058,1937-08-13
1663,S000282,1927-04-18
1664,S000514,1931-08-31
1665,S000579,1920-01-24
1666,S000804,1924-02-20
1667,S000818,1940-02-11
1668,S000935,1946-11-10
1669,W000121,1926-04-21
1670,W000235,1931-07-26
1671,W000390,1923-04-29
1672,Z000002,1927-07-15
1673,B000756,1930-04-11
1674,A000076,1925-12-05
1675,A000207,1925-09-02
1676,B000422,1935-12-19
1677,B000845,1942-06-29
1678,B001156,1926-06-01
1679,C000356,1930-04-03
1680,C000666,1922-11-02
1681,C000773,1939-05-23
1682,C000788,1935-04-10
1683,C000871,1936-01-10
1684,D000017,1937-10-14
1685,E000084,1928-09-20
1686,E000204,1927-02-08
1687,E000236,1925-10-16
1688,F000088,1935-08-26
1689,F000286,1916-01-17
1690,H000058,1938-04-03
1691,H000144,1942-11-14
1692,H000171,1930-09-14
1693,H000269,1940-02-02
1694,H000439,1928-11-30
1695,H000582,1926-09-06
1696,J000013,1912-05-31
1697,K000025,1919-01-17
1698,K000304,1941-08-19
1699,L000265,1930-12-26
1700,L000413,1908-12-11
1701,M000143,1939-11-02
1702,M000183,1935-12-11
1703,M000413,1935-04-01
1704,M000589,1925-10-18
1705,M000635,1924-09-06
1706,M000796,1916-09-01
1707,O000134,1929-01-27
1708,P000104,1927-03-26
1709,P000121,1934-10-25
1710,P000230,1912-10-15
1711,P000546,1925-05-05
1712,P000553,1915-11-11
1713,R000067,1934-05-24
1714,R000337,1916-05-14
1715,R000442,1923-06-08
1716,S000087,1920-03-21
1717,S000286,1952-04-04
1718,S000776,1913-08-08
1719,S000852,1901-08-03
1720,T000367,1946-12-29
1721,V000026,1926-01-29
1722,W000180,1922-04-15
1723,W000253,1931-05-16
1724,W000528,1942-08-23
1725,W000636,1919-08-22
1726,W000686,1908-12-10
1727,Z000001,1912-11-18
1728,Z000013,1928-11-11
1729,A000052,1925-03-17
1730,A000219,1937-03-16
1731,B000160,1943-09-03
1732,B000298,1921-03-05
1733,B000647,1930-11-07
1734,C000079,1940-07-24
1735,C000165,1942-07-01
1736,C000322,1920-03-28
1737,C000555,1939-05-13
1738,E000033,1941-05-06
1739,E000043,1943-05-29
1740,E000259,1924-05-26
1741,F000102,1937-04-22
1742,F000347,1941-12-13
1743,F000430,1933-08-20
1744,G000499,1925-03-23
1745,H000070,1924-01-11
1746,H000302,1941-08-07
1747,H000449,1924-09-30
1748,H000490,1944-11-09
1749,H000624,1926-03-06
1750,H000747,1920-09-17
1751,H000951,1940-10-09
1752,J000232,1939-05-05
1753,K000190,1929-08-26
1754,K000322,1942-02-19
1755,L000396,1946-08-01
1756,L000411,1924-02-07
1757,L000417,1923-05-04
1758,L000516,1939-02-04
1759,M000346,1924-12-27
1760,M000512,1948-05-20
1761,M000826,1922-04-29
1762,M000860,1945-06-20
1763,M000923,1939-10-04
1764,O000010,1917-06-17
1765,O000098,1912-12-09
1766,R000495,1920-07-15
1767,S000230,1918-09-08
1768,S000409,1951-06-11
1769,S000669,1928-01-26
1770,S000991,1929-06-17
1771,W000038,1936-12-21
1772,W000227,1927-08-08
1773,W000406,1925-03-12
1774,W000419,1927-01-03
1775,Y000051,1923-11-22
1776,Z000014,1940-01-06
1777,S000055,1917-08-20
1778,B000966,1927-08-19
1779,A000031,1927-01-13
1780,B000024,1929-06-09
1781,B000432,1917-10-26
1782,B000600,1911-10-01
1783,B000615,1945-02-14
1784,B000620,1937-03-07
1785,B000666,1942-02-23
1786,B001158,1925-04-01
1787,C000321,1922-02-03
1788,C000877,1914-06-19
1789,D000038,1914-05-12
1790,D000065,1941-04-23
1791,D000106,1935-09-06
1792,D000359,1940-09-20
1793,D000366,1927-07-07
1794,D000466,1943-07-27
1795,D000534,1919-03-24
1796,F000329,1940-10-06
1797,G000072,1932-10-12
1798,G000400,1924-11-14
1799,H000840,1927-07-24
1800,J000216,1912-04-20
1801,K000011,1948-12-12
1802,K000019,1942-06-19
1803,K000086,1935-07-13
1804,K000309,1937-05-17
1805,L000116,1920-03-05
1806,L000486,1939-03-08
1807,L000506,1928-05-12
1808,M000023,1933-03-22
1809,M000527,1931-01-30
1810,M000688,1944-02-04
1811,N000095,1918-10-16
1812,P000522,1905-01-01
1813,Q000007,1947-02-04
1814,R000374,1909-06-07
1815,R000384,1943-10-04
1816,R000497,1930-05-18
1817,S000762,1928-01-09
1818,S000997,1916-09-27
1819,S001077,1937-03-13
1820,S001101,1955-09-15
1821,S001122,1950-10-18
1822,S001138,1938-04-23
1823,T000075,1928-02-10
1824,W000647,1939-09-22
1825,W000752,1926-12-08
1826,B000236,1941-07-21
1827,B000401,1921-02-11
1828,B000592,1916-03-13
1829,B000648,1946-07-28
1830,B000798,1934-11-02
1831,B001036,1940-06-04
1832,B001077,1908-06-19
1833,C000344,1941-01-30
1834,C000462,1917-06-12
1835,C000581,1942-06-15
1836,C000809,1941-10-14
1837,C000919,1909-08-10
1838,D000030,1936-09-05
1839,D000185,1937-05-08
1840,D000451,1942-12-02
1841,D000566,1934-08-19
1842,D000593,1948-11-15
1843,F000046,1933-02-06
1844,F000208,1937-08-15
1845,F000215,1937-08-29
1846,F000380,1928-07-31
1847,G000047,1933-01-09
1848,G000382,1943-09-21
1849,H000367,1907-08-31
1850,H000456,1938-10-23
1851,H000586,1953-04-24
1852,K000020,1924-01-24
1853,L000180,1931-05-06
1854,L000237,1944-11-27
1855,L000508,1925-07-09
1856,L000509,1931-02-11
1857,M000195,1939-12-26
1858,M000250,1916-10-08
1859,M000678,1917-06-04
1860,M000811,1933-08-20
1861,M000842,1928-11-23
1862,M000992,1944-10-08
1863,N000106,1924-09-12
1864,P000080,1929-09-09
1865,P000097,1941-03-27
1866,P000218,1900-09-08
1867,R000249,1938-02-04
1868,R000354,1942-03-07
1869,R000482,1957-05-24
1870,S000014,1930-05-28
1871,S000068,1936-09-30
1872,S000136,1947-03-25
1873,S000143,1953-10-13
1874,S000393,1934-07-28
1875,S000527,1938-01-19
1876,S000584,1944-06-26
1877,S000601,1945-10-31
1878,S000622,1911-06-30
1879,S000795,1930-02-08
1880,T000053,1950-10-11
1881,W000044,1940-12-28
1882,W000092,1933-02-27
1883,W000426,1939-09-18
1884,W000607,1933-08-23
1885,W000763,1922-12-22
1886,B001166,1924-06-12
1887,A000103,1934-01-16
1888,A000189,1913-02-21
1889,A000212,1915-01-12
1890,A000213,1938-02-21
1891,A000226,1948-04-14
1892,A000337,1942-10-21
1893,B000153,1922-03-20
1894,B000204,1947-09-19
1895,B000371,1910-12-02
1896,B000551,1928-02-14
1897,B000639,1941-04-21
1898,B001225,1943-07-28
1899,B000890,1922-04-28
1900,B000919,1940-02-12
1901,B000971,1944-03-25
1902,B001172,1935-04-08
1903,B001220,1932-07-27
1904,C000293,1942-07-13
1905,C000598,1940-08-28
1906,C000618,1943-05-29
1907,C000646,1939-09-08
1908,C000709,1921-11-09
1909,C000807,1929-04-11
1910,C000836,1947-07-10
1911,D000044,1929-09-22
1912,D000131,1932-07-31
1913,D000326,1925-06-05
1914,D000416,1946-03-02
1915,D000471,1949-01-28
1916,D000586,1921-01-24
1917,D000592,1926-05-12
1918,E000013,1933-01-31
1919,E000031,1950-04-06
1920,E000077,1937-07-12
1921,E000201,1938-12-09
1922,E000284,1921-08-09
1923,F000041,1917-03-09
1924,F000059,1947-10-22
1925,F000435,1941-01-12
1926,G000105,1926-07-03
1927,G000321,1948-03-31
1928,G000402,1941-08-20
1929,G000417,1929-10-16
1930,G000511,1924-08-20
1931,H000124,1922-05-04
1932,H000236,1940-06-29
1933,H000340,1939-07-01
1934,H000343,1922-07-12
1935,H000388,1918-02-17
1936,H000445,1921-06-19
1937,H000547,1948-12-07
1938,H000729,1943-11-28
1939,H000776,1933-10-25
1940,H000788,1936-10-18
1941,H000797,1919-12-12
1942,H000878,1937-07-07
1943,H000901,1941-07-19
1944,I000029,1930-08-23
1945,J000047,1941-05-05
1946,J000083,1933-01-04
1947,J000189,1932-06-10
1948,J000211,1941-08-30
1949,J000256,1913-08-19
1950,J000265,1951-12-18
1951,K000017,1932-07-29
1952,K000307,1926-09-03
1953,K000319,1946-09-27
1954,L000020,1926-09-04
1955,L000226,1913-10-05
1956,L000243,1931-03-23
1957,L000264,1943-06-07
1958,L000479,1947-05-02
1959,L000507,1951-07-18
1960,M000041,1936-01-13
1961,M000139,1935-08-08
1962,M000174,1944-04-26
1963,M000264,1929-11-01
1964,M000432,1950-01-12
1965,M000458,1942-03-27
1966,M000473,1938-12-06
1967,M000573,1952-05-26
1968,M000718,1917-11-01
1969,M000736,1938-05-23
1970,M000881,1935-09-02
1971,M000999,1933-05-13
1972,M001057,1945-11-06
1973,N000003,1943-04-15
1974,N000094,1926-04-29
1975,N000163,1935-02-21
1976,N000171,1938-09-08
1977,O000001,1940-03-05
1978,O000069,1920-02-28
1979,O000156,1937-05-02
1980,P000112,1939-11-18
1981,P000170,1931-09-26
1982,P000193,1918-11-22
1983,P000229,1954-08-06
1984,P000513,1942-03-29
1985,P000556,1934-08-29
1986,P000574,1932-12-19
1987,R000080,1927-02-02
1988,R000189,1943-09-08
1989,R000262,1931-09-01
1990,R000277,1940-10-21
1991,R000383,1924-02-28
1992,R000485,1916-02-10
1993,R000543,1944-01-23
1994,S000081,1925-10-30
1995,S000124,1920-02-06
1996,S000146,1929-08-07
1997,S000269,1937-12-03
1998,S000407,1948-04-26
1999,S000423,1928-11-29
2000,S000429,1931-09-02
2001,S000479,1925-05-20
2002,S000586,1941-04-25
2003,S000673,1940-09-12
2004,S000779,1951-02-22
2005,S000785,1940-10-07
2006,T000034,1946-08-08
2007,T000184,1943-11-20
2008,T000356,1931-07-21
2009,U000001,1922-06-15
2010,V000027,1931-08-26
2011,W000237,1952-07-24
2012,W000258,1927-09-17
2013,W000665,1926-04-09
2014,W000682,1939-11-03
2015,W000781,1920-11-23
2016,Y000014,1927-10-16
2017,B001076,1922-02-06
2018,A000209,1944-02-07
2019,A000211,1953-03-22
2020,A000214,1928-03-27
2021,A000224,1938-07-21
2022,B000008,1949-06-21
2023,B001226,1955-08-07
2024,B000151,1940-08-07
2025,B000392,1923-11-28
2026,B000462,1938-05-19
2027,B000517,1931-08-01
2028,B000880,1922-12-18
2029,B001057,1925-08-12
2030,B001213,1946-10-27
2031,C000178,1943-03-27
2032,C000767,1955-05-22
2033,D000018,1937-08-01
2034,D000051,1943-11-22
2035,D000267,1936-09-30
2036,D000401,1923-07-22
2037,E000064,1915-01-06
2038,E000184,1940-11-30
2039,E000186,1949-03-23
2040,E000218,1953-11-30
2041,F000437,1928-01-14
2042,F000128,1959-05-06
2043,F000141,1926-06-03
2044,F000239,1929-03-06
2045,F000268,1924-09-08
2046,F000270,1927-08-06
2047,G000025,1935-11-23
2048,G000236,1921-07-18
2049,G000240,1944-11-24
2050,G000349,1928-12-28
2051,G000371,1948-06-29
2052,H000096,1948-10-06
2053,H000514,1942-07-09
2054,H000652,1941-11-17
2055,H000670,1938-09-20
2056,H000912,1947-09-03
2057,H000930,1932-10-17
2058,H001018,1926-05-12
2059,J000120,1948-01-30
2060,K000088,1951-10-29
2061,K000262,1930-06-24
2062,K000312,1949-10-27
2063,K000328,1943-09-28
2064,K000333,1935-09-19
2065,L000098,1946-08-25
2066,L000045,1943-03-24
2067,L000225,1948-07-20
2068,L000267,1953-12-18
2069,L000295,1924-10-26
2070,L000381,1929-01-03
2071,L000420,1952-07-15
2072,M000015,1948-07-13
2073,M000100,1939-09-25
2074,M000129,1942-06-21
2075,M000236,1927-01-17
2076,M000291,1932-11-02
2077,M000306,1927-07-23
2078,M000342,1939-06-12
2079,M000398,1950-03-30
2080,M000566,1932-05-09
2081,M000692,1923-03-02
2082,M001025,1947-08-16
2083,M001088,1927-06-17
2084,N000009,1909-09-11
2085,N000016,1934-11-07
2086,P000009,1932-09-11
2087,P000047,1938-06-28
2088,P000215,1951-11-19
2089,P000328,1913-10-11
2090,R000072,1927-03-29
2091,R000243,1945-08-26
2092,R000458,1928-01-02
2093,R000481,1926-02-03
2094,S000056,1931-02-16
2095,S000066,1948-01-10
2096,S000119,1945-01-05
2097,S000294,1942-07-15
2098,S000332,1940-07-05
2099,S000477,1948-08-04
2100,S000596,1920-03-23
2101,S001075,1936-03-15
2102,S001113,1957-05-01
2103,S001115,1935-09-12
2104,S001139,1950-10-17
2105,U000017,1931-12-03
2106,V000006,1926-03-15
2107,W000177,1941-10-12
2108,W000326,1951-10-16
2109,W000428,1910-04-18
2110,D000209,1930-08-02
2111,A000355,1952-06-12
2112,A000356,1942-05-09
2113,B000078,1940-06-14
2114,B000318,1932-10-26
2115,B000431,1921-03-27
2116,B000576,1956-01-28
2117,B000817,1941-11-08
2118,B000897,1943-01-15
2119,B000993,1937-07-16
2120,B000997,1947-02-22
2121,B001063,1956-12-12
2122,C000269,1922-10-22
2123,C000312,1945-03-08
2124,C000385,1942-04-29
2125,C000523,1929-04-04
2126,C000621,1941-11-29
2127,C000633,1939-04-13
2128,C000634,1931-09-24
2129,C000737,1932-03-28
2130,C000903,1943-04-05
2131,D000435,1933-04-03
2132,E000174,1938-01-01
2133,F000110,1962-11-22
2134,F000111,1952-02-03
2135,F000187,1962-11-09
2136,F000261,1945-05-20
2137,F000348,1953-02-09
2138,F000351,1943-05-24
2139,F000387,1955-04-27
2140,F000426,1944-04-28
2141,G000134,1952-01-29
2142,G000153,1920-01-20
2143,G000333,1928-01-08
2144,G000367,1948-02-04
2145,G000524,1951-05-10
2146,H000151,1929-09-14
2147,H000390,1946-12-21
2148,H000452,1929-12-28
2149,H000707,1952-05-18
2150,J000033,1932-02-24
2151,J000187,1931-12-02
2152,K000146,1943-08-27
2153,L000119,1942-01-21
2154,L000305,1938-09-27
2155,L000431,1951-07-07
2156,M000019,1940-10-29
2157,M000207,1947-02-10
2158,M000684,1928-07-20
2159,M000794,1931-11-12
2160,M000865,1920-08-05
2161,M000926,1922-05-06
2162,M001054,1927-03-16
2163,M001130,1927-02-08
2164,O000108,1948-09-22
2165,P000152,1945-07-09
2166,P000259,1935-06-26
2167,Q000013,1916-01-11
2168,R000178,1952-01-08
2169,R000295,1939-06-26
2170,R000436,1939-08-10
2171,R000459,1938-10-10
2172,R000460,1921-07-22
2173,S000142,1940-07-30
2174,S000213,1941-08-05
2175,S001040,1937-05-12
2176,T000048,1965-11-23
2177,T000243,1928-07-16
2178,T000314,1958-01-28
2179,T000405,1957-05-28
2180,V000112,1931-04-04
2181,V000124,1921-06-22
2182,G000408,1958-06-05
2183,W000068,1942-12-23
2184,W000139,1951-01-07
2185,W000520,1937-10-30
2186,W000570,1933-06-01
2187,Z000004,1936-06-12
2188,Z000008,1944-08-16
2189,D000203,1927-09-22
2190,F000438,1945-03-22
2191,B000028,1941-07-09
2192,B000622,1935-02-16
2193,C000134,1934-05-05
2194,C000377,1963-02-20
2195,C001034,1942-08-24
2196,D000222,1935-11-24
2197,F000049,1929-03-25
2198,F000053,1942-10-11
2199,F000184,1945-01-30
2200,F000235,1928-12-03
2201,F000332,1947-04-22
2202,F000434,1936-10-13
2203,G000225,1943-06-17
2204,G000272,1916-05-03
2205,G000365,1942-07-08
2206,H000114,1931-04-20
2207,H000448,1930-04-11
2208,H000463,1921-10-18
2209,H001015,1949-08-11
2210,J000149,1943-09-30
2211,K000110,1952-09-24
2212,K000118,1936-07-10
2213,K000181,1939-03-27
2214,K000274,1953-01-16
2215,M000117,1932-11-03
2216,M000399,1931-09-29
2217,M000466,1950-07-26
2218,M000843,1958-03-27
2219,N000054,1954-02-27
2220,P000049,1960-12-29
2221,P000066,1949-10-31
2222,P000148,1954-04-29
2223,P000452,1945-10-30
2224,R000567,1955-01-28
2225,R000229,1947-11-15
2226,R000252,1950-09-05
2227,R000417,1932-09-04
2228,S000109,1936-01-25
2229,S000125,1947-03-18
2230,S000462,1943-02-22
2231,S000606,1941-03-30
2232,S000587,1950-07-16
2233,S000607,1931-06-16
2234,S000662,1949-09-16
2235,S000675,1930-08-14
2236,S000948,1925-02-23
2237,T000113,1945-10-02
2238,T000457,1942-08-19
2239,T000254,1902-12-05
2240,T000316,1930-01-27
2241,T000317,1951-08-27
2242,W000288,1944-07-21
2243,W000391,1953-11-06
2244,Y000013,1909-08-27
2245,A000215,1928-03-22
2246,B000179,1929-02-09
2247,B000229,1928-08-07
2248,B000556,1932-01-28
2249,B000780,1944-03-01
2250,B000918,1920-03-06
2251,C000077,1933-04-13
2252,C000100,1952-08-14
2253,C000107,1954-06-22
2254,C000345,1938-01-27
2255,C000488,1931-04-30
2256,C000722,1946-05-06
2257,C000813,1939-01-20
2258,D000046,1934-01-13
2259,D000064,1947-12-09
2260,D000312,1939-12-14
2261,D000373,1934-08-08
2262,E000286,1953-06-10
2263,E000282,1935-09-19
2264,F000442,1960-10-20
2265,F000257,1952-07-16
2266,F000328,1942-12-23
2267,F000349,1951-09-21
2268,G000120,1948-05-20
2269,G000291,1927-12-05
2270,G000352,1936-11-09
2271,H000605,1946-12-30
2272,H000725,1922-01-01
2273,K000016,1952-05-13
2274,K000270,1951-09-23
2275,K000357,1947-01-27
2276,L000155,1958-03-13
2277,L000371,1943-04-30
2278,M000206,1929-02-14
2279,M000350,1944-07-12
2280,M000481,1958-06-08
2281,M000669,1927-11-30
2282,M000795,1942-03-19
2283,M001085,1933-03-28
2284,N000102,1948-12-06
2285,P000005,1931-01-19
2286,P000171,1951-05-22
2287,P000326,1930-08-31
2288,P000444,1935-06-01
2289,R000386,1957-08-21
2290,V000087,1940-10-07
2291,W000315,1948-05-10
2292,W000654,1948-01-06
2293,M001141,1932-02-24
2294,A000121,1952-03-08
2295,A000217,1940-07-07
2296,B000081,1955-01-30
2297,B000134,1952-02-25
2298,B000169,1948-11-05
2299,B000177,1953-12-08
2300,B000400,1959-06-03
2301,B000518,1956-12-10
2302,B000619,1945-06-06
2303,B000644,1948-10-20
2304,B000996,1948-09-07
2305,B001126,1935-01-25
2306,C000052,1932-09-11
2307,C001043,1933-12-20
2308,C001040,1953-03-26
2309,C000494,1934-09-16
2310,C000503,1943-09-23
2311,C000670,1948-04-21
2312,C000735,1941-08-20
2313,C001042,1947-01-01
2314,C000846,1936-08-24
2315,D000596,1947-01-26
2316,D000294,1947-01-05
2317,E000093,1957-11-25
2318,F000439,1952-02-22
2319,G000041,1949-03-31
2320,G000121,1930-04-14
2321,G000212,1922-12-06
2322,G000547,1951-11-25
2323,H000074,1942-01-16
2324,H000172,1932-08-14
2325,H000615,1959-06-20
2326,H000621,1942-04-09
2327,H000789,1931-05-31
2328,H001014,1950-12-03
2329,J000072,1934-05-11
2330,K000359,1957-05-22
2331,L000556,1939-10-06
2332,L000096,1954-09-28
2333,L000521,1945-06-27
2334,M000090,1948-09-17
2335,M000212,1930-01-19
2336,M000628,1926-04-29
2337,M000720,1942-05-30
2338,M000797,1927-12-06
2339,M000834,1927-04-27
2340,M000941,1931-02-12
2341,P000584,1947-10-26
2342,R000258,1944-10-03
2343,R000281,1956-12-19
2344,R000385,1956-10-30
2345,R000465,1929-09-19
2346,S000059,1958-05-10
2347,S000064,1933-02-03
2348,S000094,1945-08-15
2349,S000106,1963-04-09
2350,S000112,1962-07-24
2351,S001147,1947-01-26
2352,S000394,1932-01-23
2353,S000453,1927-06-09
2354,S000463,1927-06-30
2355,S000718,1928-04-09
2356,S001044,1927-04-04
2357,T000253,1951-01-12
2358,T000350,1941-05-08
2359,U000014,1948-07-13
2360,W000194,1938-12-15
2361,W000210,1957-11-18
2362,B001237,1950-08-31
2363,T000024,1956-10-18
2364,A000359,1962-02-13
2365,A000109,1943-12-02
2366,B001238,1942-02-15
2367,B000104,1926-12-06
2368,B001241,1959-11-23
2369,B000403,1939-10-06
2370,B001249,1948-11-08
2371,C001044,1967-03-11
2372,C001057,1949-08-17
2373,C000640,1944-10-15
2374,C000653,1945-03-20
2375,C000858,1945-07-20
2376,C000873,1930-11-03
2377,D000275,1957-04-01
2378,D000601,1936-07-29
2379,D000407,1932-05-07
2380,D000424,1954-01-11
2381,D000549,1941-07-29
2382,F000441,1952-11-12
2383,F000392,1942-01-01
2384,G000132,1941-01-31
2385,G000336,1938-11-26
2386,G000439,1951-05-04
2387,H001028,1946-10-04
2388,H001031,1950-09-03
2389,H000814,1926-08-07
2390,J000286,1939-09-13
2391,J000110,1960-01-05
2392,K000259,1943-11-26
2393,L000342,1937-12-22
2394,L000558,1933-08-22
2395,M001145,1955-05-18
2396,M000249,1941-09-17
2397,M000316,1947-03-18
2398,M000477,1953-05-09
2399,N000051,1944-10-07
2400,O000164,1955-06-27
2401,Q000016,1951-04-13
2402,S000044,1952-09-29
2403,S001151,1941-04-06
2404,S001142,1952-05-25
2405,S000597,1934-11-05
2406,S000851,1938-10-26
2407,S000888,1923-11-18
2408,S001078,1964-09-10
2409,T000058,1943-06-14
2410,T000424,1946-02-06
2411,W000154,1927-02-18
2412,B001233,1955-12-26
2413,B001240,1948-09-22
2414,B000382,1933-09-18
2415,B000463,1930-07-16
2416,B000586,1936-09-28
2417,B000611,1939-03-06
2418,B000617,1954-01-02
2419,B001246,1952-10-20
2420,B000953,1956-09-12
2421,B001066,1931-10-23
2422,C001052,1962-02-24
2423,C000830,1952-10-16
2424,C000994,1941-12-08
2425,D000114,1957-10-11
2426,D000217,1947-04-08
2427,D000388,1944-05-27
2428,D000432,1942-05-14
2429,E000250,1951-08-04
2430,F000061,1953-03-02
2431,F000238,1954-09-08
2432,F000262,1970-05-11
2433,G000152,1944-12-16
2434,G000545,1960-06-01
2435,G000445,1947-02-14
2436,G000536,1951-03-20
2437,H001035,1957-04-05
2438,H001033,1962-04-04
2439,H000413,1958-07-12
2440,H000444,1935-04-18
2441,H000807,1961-06-19
2442,H001022,1924-04-18
2443,I000047,1950-02-11
2444,J000082,1936-11-29
2445,J000163,1935-01-05
2446,K000078,1936-09-26
2447,K000358,1957-04-11
2448,K000306,1942-06-28
2449,L000169,1942-10-15
2450,L000035,1960-09-30
2451,M001162,1946-10-23
2452,M000523,1955-03-17
2453,N000081,1954-07-05
2454,N000143,1948-01-22
2455,N000172,1960-06-27
2456,O000165,1937-02-23
2457,O000166,1942-05-03
2458,O000159,1936-06-28
2459,O000163,1944-02-11
2460,P000419,1961-01-08
2461,R000566,1947-04-29
2462,S000005,1938-02-28
2463,S001163,1955-03-02
2464,S001161,1937-11-15
2465,S000303,1939-04-19
2466,S001146,1941-03-05
2467,S001152,1943-02-11
2468,S001160,1945-12-17
2469,S000709,1930-02-12
2470,S001004,1941-08-04
2471,S001149,1955-08-09
2472,T000067,1941-01-23
2473,T000188,1941-12-06
2474,V000126,1936-07-15
2475,W000268,1947-07-22
2476,S001166,1953-06-22
2477,A000357,1945-04-16
2478,B000072,1948-05-22
2479,B001258,1955-08-02
2480,B001210,1917-11-20
2481,C000116,1950-10-20
2482,C000191,1938-07-08
2483,C001041,1947-10-26
2484,C000868,1947-08-22
2485,C000962,1946-11-30
2486,D000606,1959-11-06
2487,D000597,1950-06-29
2488,D000136,1949-01-05
2489,D000429,1950-10-30
2490,D000605,1949-11-20
2491,E000287,1959-11-29
2492,E000187,1956-06-20
2493,E000194,1958-03-25
2494,E000268,1937-02-15
2495,F000447,1958-05-21
2496,F000443,1970-06-22
2497,F000452,1960-10-31
2498,F000440,1965-03-09
2499,G000180,1946-04-15
2500,G000210,1939-02-01
2501,G000280,1946-10-17
2502,H000323,1942-01-02
2503,H001029,1945-08-14
2504,H000666,1936-10-17
2505,H000762,1939-04-04
2506,H000948,1958-05-22
2507,H000981,1948-05-31
2508,J000070,1947-03-14
2509,J000287,1971-06-10
2510,J000284,1949-09-10
2511,K000361,1964-09-05
2512,K000105,1932-02-22
2513,K000288,1933-11-28
2514,K000364,1943-04-19
2515,L000552,1945-12-06
2516,L000043,1945-02-14
2517,L000090,1928-02-01
2518,L000293,1946-09-14
2519,L000447,1941-10-09
2520,M001164,1956-08-15
2521,M000388,1949-09-18
2522,M000590,1947-09-16
2523,M000627,1956-12-30
2524,M000714,1938-09-07
2525,M001152,1949-01-27
2526,N000159,1941-07-27
2527,P000263,1938-12-25
2528,P000323,1963-08-10
2529,P000589,1955-05-16
2530,P000555,1951-07-29
2531,R000033,1946-05-06
2532,R000141,1924-12-03
2533,R000574,1958-06-11
2534,R000569,1950-09-03
2535,S001167,1954-02-17
2536,S000097,1943-01-22
2537,S001144,1945-10-18
2538,T000458,1945-12-20
2539,T000162,1933-02-17
2540,W000099,1947-06-19
2541,W000267,1953-08-31
2542,W000273,1957-07-07
2543,W000789,1960-12-30
2544,W000784,1951-09-10
2545,C001073,1964-01-17
2546,A000014,1938-06-26
2547,A000364,1959-08-23
2548,A000363,1959-06-11
2549,B001229,1956-03-07
2550,B001239,1961-02-14
2551,B001253,1962-01-22
2552,B000420,1942-08-27
2553,B000444,1942-11-20
2554,B001263,1969-10-05
2555,B000657,1946-08-01
2556,B000716,1945-06-06
2557,B001264,1952-07-21
2558,B001235,1935-12-20
2559,B001247,1943-10-05
2560,B001203,1958-11-26
2561,C001079,1967-03-13
2562,C001065,1959-03-02
2563,C000243,1939-07-02
2564,C001074,1958-03-29
2565,D000608,1957-12-10
2566,D000602,1967-10-09
2567,D000599,1943-09-13
2568,D000168,1942-08-25
2569,D000210,1941-07-18
2570,D000299,1954-08-13
2571,D000609,1966-06-24
2572,E000063,1951-11-24
2573,E000092,1934-02-06
2574,E000289,1958-09-11
2575,E000226,1941-08-07
2576,F000453,1954-12-09
2577,G000309,1949-01-24
2578,G000557,1942-08-06
2579,H001039,1948-07-23
2580,H001044,1958-03-01
2581,H001040,1949-02-21
2582,H001037,1970-12-03
2583,H001030,1953-06-23
2584,H001043,1951-03-21
2585,H000676,1953-10-30
2586,I000023,1959-10-11
2587,K000365,1949-12-12
2588,K000008,1937-04-02
2589,K000113,1967-07-14
2590,K000180,1945-06-25
2591,K000372,1949-04-30
2592,K000366,1957-07-10
2593,K000370,1944-02-25
2594,K000371,1968-05-29
2595,L000321,1942-09-09
2596,M001172,1956-04-27
2597,M001146,1948-03-31
2598,M001173,1959-09-16
2599,M000472,1948-09-29
2600,M001174,1957-09-12
2601,M001148,1966-09-06
2602,M001161,1947-10-03
2603,M001175,1942-09-20
2604,M001167,1940-07-18
2605,M000844,1943-05-14
2606,M001140,1945-11-08
2607,M001168,1973-10-19
2608,M001120,1932-06-17
2609,N000183,1974-09-09
2610,O000006,1934-09-10
2611,O000007,1938-10-03
2612,O000107,1937-06-03
2613,P000600,1974-10-09
2614,P000422,1952-09-02
2615,P000586,1974-07-31
2616,R000004,1955-06-20
2617,R000568,1946-12-09
2618,S001158,1953-07-21
2619,S001178,1961-10-02
2620,S001169,1951-12-12
2621,S000275,1949-10-22
2622,S000465,1931-12-20
2623,S000672,1947-09-27
2624,S001153,1957-10-20
2625,S001143,1950-07-18
2626,S001173,1961-01-27
2627,S000749,1942-11-01
2628,S001045,1952-02-29
2629,T000038,1944-09-22
2630,T000057,1951-11-15
2631,T000074,1953-09-17
2632,T000466,1949-06-29
2633,T000260,1951-06-15
2634,W000119,1957-10-28
2635,W000794,1933-11-12
2636,W000314,1961-01-02
2637,W000801,1943-01-18
2638,B001266,1937-08-03
2639,K000373,1939-03-15
2640,M001178,1970-01-26
2641,L000572,1969-05-21
2642,K000374,1938-01-18
2643,D000611,1970-08-09
2644,G000561,1974-02-27
2645,C001050,1959-03-31
2646,D000603,1958-10-26
2647,G000554,1970-06-08
2648,H000213,1945-06-28
2649,I000026,1951-02-09
2650,L000568,1964-04-01
2651,M001147,1965-08-22
2652,P000149,1934-07-16
2653,W000792,1964-09-04
2654,W000793,1955-04-08
2655,J000283,1965-03-11
2656,F000116,1942-09-04
2657,O000167,1961-08-04
2658,I000025,1924-09-07
2659,A000069,1924-09-11
2660,B000468,1943-10-03
2661,C000705,1948-03-12
2662,H001016,1943-07-22
2663,K000305,1935-02-07
2664,L000304,1942-02-24
2665,L000504,1932-04-04
2666,N000180,1941-05-17
2667,S000663,1947-02-21
2668,W000803,1946-02-09
2669,B001268,1959-09-12
2670,A000022,1942-11-19
2671,A000366,1956-12-14
2672,A000358,1947-07-05
2673,A000362,1968-03-07
2674,A000365,1958-10-12
2675,B001234,1947-01-23
2676,B000208,1926-06-03
2677,B000220,1952-01-08
2678,B001272,1959-08-16
2679,B001231,1951-01-20
2680,B000410,1941-04-15
2681,B001232,1937-08-15
2682,B000461,1951-01-28
2683,B001228,1961-10-24
2684,B001254,1973-08-02
2685,B000652,1934-01-10
2686,B001276,1951-05-08
2687,B001149,1938-06-21
2688,C001082,1949-07-30
2689,C001060,1958-07-10
2690,C001058,1959-09-12
2691,C001085,1957-03-02
2692,C000794,1949-09-25
2693,C001086,1959-12-29
2694,C001081,1962-01-05
2695,D000327,1940-12-16
2696,D000492,1952-07-05
2697,F000339,1940-03-31
2698,G000021,1944-03-07
2699,G000544,1945-05-05
2700,H001054,1959-12-14
2701,H000528,1945-05-20
2702,H000627,1938-10-27
2703,H000712,1957-03-05
2704,J000285,1946-07-23
2705,K000172,1929-09-16
2706,K000369,1951-01-31
2707,K000336,1946-10-08
2708,L000553,1954-07-22
2709,L000574,1970-12-23
2710,L000274,1934-10-21
2711,L000517,1946-09-22
2712,M001155,1967-08-12
2713,M001138,1944-03-24
2714,M001154,1953-05-19
2715,M001134,1941-08-01
2716,O000085,1936-09-03
2717,P000583,1935-08-20
2718,P000587,1959-06-07
2719,P000585,1962-03-05
2720,Q000024,1976-11-03
2721,R000571,1955-10-05
2722,R000170,1944-11-10
2723,R000581,1962-04-14
2724,R000590,1965-09-16
2725,R000573,1961-08-02
2726,R000462,1952-10-14
2727,S001182,1964-01-23
2728,S001164,1951-11-29
2729,S001171,1971-12-31
2730,S000810,1931-11-11
2731,S000822,1941-04-16
2732,S001155,1965-01-01
2733,S001174,1963-07-31
2734,T000326,1934-07-21
2735,W000811,1961-12-27
2736,W000807,1961-02-07
2737,W000738,1937-11-03
2738,H001062,1958-08-27
2739,T000471,1941-05-02
2740,C001089,1948-11-04
2741,D000595,1951-09-02
2742,E000172,1950-09-16
2743,K000148,1943-12-11
2744,L000123,1924-01-23
2745,C001099,1969-04-04
2746,B001244,1959-11-19
2747,A000361,1946-12-05
2748,Y000031,1930-12-16
2749,C001100,1965-06-22
2750,W000207,1945-08-26
2751,R000596,1976-04-20
2752,B000243,1941-12-11
2753,A000210,1957-08-04
2754,C001046,1963-06-06
2755,B001265,1962-03-30
2756,C000286,1943-11-10
2757,H001049,1953-05-26
2758,H000206,1939-11-19
2759,J000177,1946-12-28
2760,L000550,1955-11-23
2761,L000261,1934-06-28
2762,P000590,1963-01-10
2763,R000361,1937-06-18
2764,U000038,1950-07-18
2765,B001256,1956-04-06
2766,B000013,1947-12-28
2767,B001252,1955-10-31
2768,B001242,1950-06-01
2769,B001259,1957-10-30
2770,B001262,1946-05-14
2771,C000071,1953-07-09
2772,C001064,1955-07-19
2773,C000380,1945-09-19
2774,C000560,1948-03-14
2775,D000355,1926-07-08
2776,F000010,1943-08-15
2777,G000549,1955-02-25
2778,G000550,1942-07-10
2779,G000567,1968-08-21
2780,H000067,1923-05-03
2781,H000329,1941-02-07
2782,H001032,1948-10-15
2783,K000220,1955-04-24
2784,L000111,1948-07-14
2785,M001142,1960-03-21
2786,M000309,1944-01-05
2787,M000485,1956-08-06
2788,M000508,1938-09-09
2789,M001149,1955-01-18
2790,M001139,1948-10-16
2791,M000725,1945-05-17
2792,M000933,1945-05-16
2793,O000169,1949-01-20
2794,P000099,1943-06-28
2795,P000265,1940-05-28
2796,R000011,1949-05-20
2797,R000572,1963-06-02
2798,R000594,1973-11-27
2799,S001162,1948-10-03
2800,S001186,1965-10-10
2801,T000459,1962-01-29
2802,T000266,1951-09-18
2803,W000215,1939-09-12
2804,W000672,1939-01-30
2805,B001279,1945-08-25
2806,S000937,1956-11-14
2807,M001171,1968-07-04
2808,N000187,1941-09-06
2809,G000573,1963-10-19
2810,E000292,1949-09-22
2811,B001280,1951-10-06
2812,G000572,1961-12-02
2813,M001192,1974-01-07
2814,W000818,1960-11-03
2815,G000569,1970-02-07
2816,C000556,1931-03-18
2817,J000291,1950-06-18
2818,N000186,1958-10-09
2819,S001179,1981-05-28
2820,B000589,1949-11-17
2821,F000043,1956-11-21
2822,W000413,1943-05-25
2823,T000473,1967-07-01
2824,H001063,1952-03-30
2825,M001150,1954-05-07
2826,A000368,1968-06-27
2827,B000711,1940-11-11
2828,C000542,1943-05-16
2829,K000360,1959-09-15
2830,M000702,1936-07-20
2831,R000146,1939-12-02
2832,V000127,1961-05-03
2833,B001271,1952-04-20
2834,B001255,1956-02-21
2835,B000911,1946-11-11
2836,C001036,1938-01-10
2837,C001083,1956-05-20
2838,C001045,1944-09-01
2839,E000290,1958-06-28
2840,E000291,1964-02-09
2841,F000030,1941-07-04
2842,F000458,1973-02-07
2843,F000451,1963-06-28
2844,F000456,1951-07-05
2845,F000445,1952-02-17
2846,G000548,1959-07-09
2847,G000564,1964-05-13
2848,H001051,1951-01-25
2849,H001055,1961-10-30
2850,H000636,1940-08-20
2851,H001034,1941-06-27
2852,H001057,1968-11-11
2853,H001060,1969-06-16
2854,I000057,1958-05-30
2855,K000363,1947-09-06
2856,L000571,1954-09-10
2857,M000404,1936-12-28
2858,M000689,1943-01-27
2859,M001144,1959-06-27
2860,N000182,1949-12-24
2861,N000185,1951-05-26
2862,P000596,1959-04-26
2863,P000373,1939-10-10
2864,R000053,1930-06-11
2865,R000587,1956-04-05
2866,R000589,1960-05-28
2867,S000030,1960-01-07
2868,S001188,1976-08-31
2869,W000796,1950-04-02
2870,S000018,1958-01-21
2871,G000556,1958-03-13
2872,M001191,1983-03-30
2873,J000296,1972-10-31
2874,C001102,1959-09-28
2875,D000613,1969-06-23
2876,G000570,1970-09-26
2877,G000575,1963-01-31
2878,A000373,1949-11-10
2879,H001070,1957-06-23
2880,P000602,1963-12-30
2881,B000287,1958-01-26
2882,S001141,1946-12-24
2883,P000591,1954-10-08
2884,M001182,1967-07-21
2885,Z000018,1961-11-01
2886,C001076,1967-03-26
2887,M001151,1952-09-11
2888,C000714,1929-05-16
2889,F000448,1957-06-19
2890,F000457,1951-05-21
2891,S001202,1953-03-01
2892,T000462,1962-10-21
2893,S000480,1929-08-14
2894,C000567,1937-12-07
2895,F000460,1961-12-12
2896,M001181,1955-10-20
2897,B001283,1975-06-15
2898,D000604,1960-05-24
2899,M000303,1936-08-29
2900,D000621,1978-09-14
2901,J000297,1960-09-12
2902,K000352,1942-04-25
2903,L000580,1959-10-24
2904,C001071,1952-08-24
2905,H000338,1934-03-22
2906,M001170,1953-07-24
2907,N000032,1942-09-29
2908,B001269,1956-01-28
2909,B000213,1949-09-15
2910,B001273,1951-01-16
2911,B001245,1933-05-31
2912,B001227,1945-04-07
2913,C001037,1952-01-09
2914,C001077,1955-03-19
2915,C001038,1962-03-16
2916,C001048,1956-08-24
2917,D000612,1967-07-29
2918,D000607,1955-09-28
2919,D000533,1947-07-21
2920,E000288,1963-08-04
2921,F000444,1962-12-31
2922,F000372,1946-04-29
2923,G000289,1952-09-22
2924,G000566,1964-08-22
2925,G000410,1947-10-17
2926,G000535,1953-12-10
2927,H001045,1956-06-01
2928,H001036,1957-05-29
2929,H001059,1966-03-01
2930,I000056,1953-11-01
2931,J000290,1963-06-10
2932,J000174,1930-10-11
2933,L000573,1967-12-08
2934,L000567,1952-06-25
2935,L000263,1931-09-06
2936,L000554,1946-05-12
2937,N000184,1971-11-30
2938,P000594,1965-05-14
2939,P000588,1947-08-24
2940,P000592,1948-09-10
2941,P000598,1975-05-12
2942,R000578,1950-08-29
2943,R000586,1958-12-03
2944,R000409,1947-06-21
2945,R000592,1970-02-09
2946,R000583,1970-11-21
2947,R000435,1952-07-15
2948,R000580,1961-09-13
2949,R000593,1959-10-18
2950,R000487,1951-10-12
2951,R000570,1970-01-29
2952,S000250,1955-03-22
2953,S001154,1961-01-10
2954,S000583,1947-11-19
2955,T000465,1946-04-26
2956,W000799,1964-04-06
2957,Y000063,1976-01-08
2958,H001041,1960-05-10
2959,V000129,1977-04-14
2960,E000293,1959-08-25
2961,M001189,1969-02-27
2962,D000620,1963-04-16
2963,N000127,1943-12-17
2964,P000606,1948-08-15
2965,H001069,1955-10-30
2966,R000598,1962-04-25
2967,O000170,1972-09-26
2968,S000051,1960-05-28
2969,B001290,1964-07-27
2970,K000387,1966-12-17
2971,W000820,1962-05-14
2972,C001107,1980-03-01
2973,B001294,1955-04-26
2974,Y000066,1968-05-11
2975,P000611,1953-11-01
2976,B001293,1967-03-18
2977,T000475,1960-10-16
2978,M001193,1960-10-16
2979,R000604,1963-05-25
2980,C001106,1976-09-07
2981,L000584,1975-12-06
2982,C001105,1959-06-30
2983,D000625,1956-11-06
2984,H001050,1951-05-04
2985,S001170,1952-12-02
2986,L000587,1955-09-23
2987,K000390,1980-04-25
2988,F000464,1952-08-25
2989,T000478,1961-02-04
2990,T000477,1979-06-27
2991,G000580,1972-03-27
2992,H001078,1962-04-18
2993,J000303,1959-10-24
2994,M001179,1952-08-15
2995,J000255,1943-02-10
2996,D000614,1971-10-03
2997,C001092,1950-05-20
2998,C000984,1951-01-18
2999,H001087,1987-08-25
3000,I000055,1944-12-28
3001,H001048,1976-12-07
3002,M001187,1959-07-28
